{"cameraMode":{"drawMode":0,"name":"Shaded","section":"Shading Mode"},"sceneLighting":false,"audioPlay":false,"sceneViewState":{"showFog":true,"showMaterialUpdate":false,"showSkybox":false,"showFlares":true,"showImageEffects":true,"showParticleSystems":true},"in2DMode":false,"pivot":{"x":0.054999351501464847,"y":3.0,"z":0.0049991607666015629},"rotation":{"x":-0.252743661403656,"y":0.4474219083786011,"z":-0.13340051472187043,"w":-0.8475115299224854},"size":27.0795841217041,"orthographic":false}