{"cameraMode":{"drawMode":0,"name":"Shaded","section":"Shading Mode"},"sceneLighting":false,"audioPlay":false,"sceneViewState":{"showFog":true,"showMaterialUpdate":false,"showSkybox":false,"showFlares":true,"showImageEffects":true,"showParticleSystems":true},"in2DMode":false,"pivot":{"x":0.19999998807907105,"y":9.760000228881836,"z":-22.75},"rotation":{"x":0.23579677939414979,"y":-0.6797608733177185,"z":0.24682463705539704,"w":0.6493587493896484},"size":1.1445519924163819,"orthographic":false}