{"cameraMode":{"drawMode":0,"name":"Shaded","section":"Shading Mode"},"sceneLighting":false,"audioPlay":false,"sceneViewState":{"showFog":true,"showMaterialUpdate":false,"showSkybox":false,"showFlares":true,"showImageEffects":true,"showParticleSystems":true},"in2DMode":false,"pivot":{"x":0.8650000095367432,"y":0.0010000000474974514,"z":-0.3491058349609375},"rotation":{"x":0.4410352110862732,"y":0.3060469925403595,"z":-0.16283036768436433,"w":0.8281375169754028},"size":20.315614700317384,"orthographic":false}